name,email,city
Steve,steve@example.com,Mississauga
Jack,jack@example.com,Waterloo
John,john@example.com,Toronto
David,david@example.com,Mississauga
Bruce,bruce@example.com,Toronto
Frank,frank@example.com,Waterloo
